gender,age,study_hours,attendance,previous_score,assignments_completed,sleep_hours,extracurricular,internet_access,parental_support,final_score
Female,22,2.1,61.4,91.5,9,8.3,No,Yes,High,60.8
Male,17,7.2,70.7,43.5,10,7.0,No,Yes,Medium,66.3
Female,17,7.1,75.3,85.4,10,5.4,No,Yes,Medium,67.0
Female,17,1.2,88.7,56.1,7,7.7,No,Yes,Medium,45.3
Female,21,6.8,84.3,64.4,5,6.8,Yes,Yes,Low,62.5
Male,20,1.9,82.9,41.2,6,7.2,Yes,Yes,Medium,45.7
Female,21,3.3,70.9,56.6,5,6.6,No,Yes,High,62.6
Female,20,6.2,92.9,67.6,7,8.2,No,Yes,Medium,77.5
Female,21,2.1,76.2,43.1,3,8.2,No,Yes,Medium,39.1
Male,21,6.7,99.1,67.0,7,7.7,No,Yes,Medium,73.2
Female,22,6.8,83.5,91.0,8,5.0,No,Yes,Medium,77.5
Female,19,4.6,60.7,45.8,9,8.3,No,Yes,Medium,55.1
Female,21,1.0,85.4,82.0,3,7.5,Yes,Yes,High,49.3
Female,22,3.0,69.6,62.5,9,7.6,No,Yes,Medium,58.7
Male,18,5.3,85.9,76.0,8,6.1,No,Yes,High,69.8
Female,19,7.9,58.1,54.3,4,8.5,Yes,Yes,Medium,60.2
Male,21,5.4,62.9,48.8,7,7.8,No,Yes,High,62.3
Male,17,2.8,93.5,48.8,7,5.0,Yes,Yes,Medium,49.9
Male,18,5.4,65.2,43.9,6,6.3,No,Yes,Medium,47.8
Female,18,4.8,92.7,50.2,5,8.5,Yes,Yes,Medium,59.9
Male,22,6.5,67.6,76.5,3,4.7,No,Yes,High,63.5
Female,18,1.7,83.9,88.5,10,8.8,Yes,Yes,High,66.8
Male,19,6.3,86.2,84.8,9,7.6,No,Yes,Low,77.1
Male,21,4.8,78.1,77.7,3,7.3,Yes,Yes,Low,49.5
Male,21,7.7,68.7,46.1,6,5.7,Yes,Yes,High,61.3
Male,17,3.4,64.6,55.9,6,5.6,No,Yes,Medium,49.1
Male,22,5.4,56.5,57.0,9,8.7,No,Yes,Medium,60.0
Male,17,7.5,68.7,53.7,10,5.8,Yes,Yes,Medium,66.5
Male,18,1.7,84.4,68.3,5,8.0,Yes,Yes,Low,60.1
Male,17,7.6,97.2,69.5,9,6.3,No,Yes,High,74.3
Female,19,5.8,94.2,59.6,9,5.1,No,Yes,High,80.0
Female,21,1.5,89.5,59.5,8,4.5,No,Yes,Medium,53.8
Male,18,3.1,90.5,85.6,10,6.9,Yes,Yes,Medium,71.2
Male,17,6.0,84.9,83.4,5,8.9,No,Yes,High,74.8
Male,22,1.5,66.7,56.9,7,6.2,Yes,Yes,Low,58.1
Female,19,5.1,95.8,90.3,8,6.1,Yes,Yes,High,72.5
Male,19,3.4,85.2,92.4,4,6.0,No,Yes,Medium,55.6
Female,17,5.3,80.2,58.0,10,6.8,No,Yes,Medium,62.3
Female,21,1.3,60.0,59.5,5,6.5,No,Yes,High,47.7
Female,17,7.1,75.1,67.8,6,8.5,Yes,Yes,Medium,61.6
Female,18,7.8,75.7,91.8,8,6.8,Yes,Yes,Medium,79.5
Female,17,7.8,93.9,88.2,5,6.8,Yes,Yes,Medium,83.7
Male,19,6.2,79.6,45.6,3,5.1,No,Yes,Medium,52.1
Male,17,1.9,72.1,61.6,9,8.9,Yes,Yes,Medium,57.7
Male,21,6.3,99.0,70.4,4,5.6,Yes,Yes,High,65.2
Male,22,1.2,60.0,67.7,7,4.8,Yes,Yes,High,56.5
Male,20,1.2,74.0,50.7,9,7.5,No,Yes,Medium,47.6
Female,17,3.3,56.9,87.2,3,7.2,Yes,Yes,Medium,64.5
Male,21,4.4,88.3,77.2,3,6.4,No,Yes,Low,64.0
Male,21,6.4,96.3,86.1,4,6.4,Yes,Yes,Low,68.3
Female,22,5.8,67.6,87.2,7,8.0,No,No,Medium,68.9
Male,19,4.1,93.6,81.2,6,5.4,Yes,Yes,High,72.2
Female,21,2.9,68.1,64.2,8,8.2,No,Yes,Medium,62.8
Male,21,8.0,96.0,73.6,10,7.4,No,No,High,78.4
Female,21,4.0,88.9,48.8,7,6.4,Yes,Yes,Low,51.9
Male,21,4.2,91.2,77.1,10,6.6,No,Yes,Medium,63.6
Male,18,2.1,55.8,49.9,5,5.7,No,Yes,Medium,44.4
Female,18,6.6,98.3,78.2,3,7.9,No,Yes,Medium,70.3
Female,19,5.9,87.7,52.6,5,6.8,No,Yes,Low,49.8
Female,17,2.5,68.7,46.5,6,5.9,Yes,Yes,High,48.7
Female,21,1.6,92.3,49.1,5,7.2,Yes,Yes,Medium,43.2
Female,22,5.8,67.7,40.1,7,9.0,Yes,Yes,High,58.3
Female,17,5.6,94.3,79.5,5,6.5,Yes,Yes,Medium,70.2
Female,22,2.9,60.1,80.3,6,8.6,Yes,Yes,High,59.7
Female,17,7.7,86.7,68.3,6,6.1,Yes,Yes,Medium,68.7
Male,19,2.1,79.3,48.9,6,4.7,Yes,Yes,High,43.2
Male,21,4.0,59.3,44.6,7,5.4,No,Yes,Low,47.2
Female,21,7.6,65.9,41.1,6,6.4,Yes,Yes,High,62.4
Male,20,3.9,55.6,49.1,3,5.5,Yes,Yes,High,44.7
Male,22,5.5,76.1,89.0,9,4.5,No,Yes,Low,66.4
Male,17,3.8,68.6,53.3,6,8.6,Yes,Yes,Low,53.8
Male,17,2.9,81.9,59.5,5,8.3,Yes,Yes,Medium,51.6
Female,18,7.9,68.4,45.8,8,7.8,Yes,No,High,62.2
Male,20,3.9,68.5,52.2,5,5.3,No,Yes,Medium,57.3
Female,18,7.3,88.4,68.6,8,5.0,No,Yes,Medium,67.0
Male,18,2.6,57.2,73.4,5,4.8,Yes,Yes,Low,47.7
Male,18,2.5,95.6,53.5,7,7.8,No,No,Low,56.2
Male,22,1.2,93.4,43.2,5,8.7,No,Yes,High,65.7
Female,22,5.6,85.1,61.5,7,6.4,No,Yes,Low,54.3
Male,19,3.6,81.7,52.9,7,5.0,No,Yes,Medium,55.3
Female,19,7.1,95.2,52.1,6,6.8,No,No,High,63.3
Male,18,4.3,63.3,92.8,3,6.1,Yes,Yes,Medium,57.6
Female,20,7.8,58.6,73.9,8,6.2,Yes,Yes,Medium,68.1
Male,17,2.3,65.8,70.6,6,7.3,No,No,Low,44.5
Female,22,7.1,90.8,62.9,6,7.7,No,Yes,Medium,67.7
Female,20,6.4,56.6,63.6,9,5.0,No,Yes,Medium,56.6
Male,21,6.4,81.2,69.7,7,4.7,No,Yes,High,72.2
Female,22,6.9,99.8,78.3,7,9.0,No,Yes,Medium,76.2
Male,22,6.3,93.5,78.6,8,5.5,Yes,Yes,Medium,74.7
Male,19,5.4,78.5,49.4,5,4.7,No,No,Medium,49.9
Male,17,1.9,57.9,67.5,5,5.4,No,Yes,Medium,45.2
Male,17,1.2,92.4,62.7,10,4.7,No,Yes,High,60.1
Male,21,7.4,82.0,87.9,6,6.3,No,No,Medium,66.6
Male,21,5.3,60.2,74.7,10,8.1,No,Yes,Medium,67.4
Male,22,6.6,59.2,69.3,4,6.0,Yes,Yes,Medium,56.5
Male,18,4.4,95.9,46.3,4,6.5,No,Yes,Medium,48.4
Male,19,1.8,85.1,73.3,10,7.5,Yes,Yes,Low,51.4
Male,19,1.9,92.3,46.4,5,6.8,No,Yes,Medium,53.4
Male,22,5.8,94.6,58.5,4,8.4,No,Yes,Medium,58.3
Female,20,4.0,80.7,47.9,9,8.4,Yes,Yes,High,69.5
Female,18,2.4,78.3,78.1,5,4.5,No,Yes,Medium,57.8
Male,22,4.4,74.4,51.3,7,8.0,Yes,Yes,High,55.9
Male,18,1.4,69.3,61.6,6,6.6,Yes,No,High,47.1
Male,18,5.1,74.6,89.3,3,8.9,Yes,Yes,Medium,77.3
Male,18,2.9,89.8,51.2,6,6.7,No,Yes,Medium,60.3
Male,22,6.6,82.1,67.9,10,8.9,No,Yes,Low,71.3
Male,19,3.2,95.2,63.1,5,7.9,No,Yes,Medium,58.2
Male,19,4.2,75.0,41.0,10,5.6,Yes,Yes,High,57.7
Male,18,1.1,82.3,83.6,9,6.9,No,Yes,Medium,62.7
Female,20,1.5,83.4,43.8,5,9.0,No,No,Medium,42.5
Male,17,3.7,81.6,66.1,6,8.4,Yes,No,Medium,50.7
Female,22,4.4,86.6,70.8,9,4.9,Yes,Yes,Medium,59.7
Male,17,5.2,65.7,74.6,9,7.7,Yes,Yes,Low,66.1
Male,20,3.0,78.1,77.9,9,6.1,No,Yes,High,60.6
Female,22,5.9,59.7,53.9,8,4.5,No,Yes,Medium,57.2
Male,18,7.0,72.3,40.5,5,6.3,No,Yes,High,53.8
Female,19,6.5,76.9,79.8,4,5.6,Yes,Yes,Medium,61.5
Male,17,1.3,84.4,69.5,4,8.2,No,Yes,Medium,54.9
Male,21,4.4,97.8,86.0,5,6.0,Yes,Yes,Medium,67.4
Female,21,1.7,82.0,85.2,5,8.2,Yes,Yes,Low,56.2
Male,20,2.7,88.5,86.4,8,4.5,No,Yes,Medium,66.3
Female,18,7.9,77.8,66.7,4,5.9,Yes,Yes,High,70.7
Male,17,2.0,83.5,58.3,5,5.6,No,No,High,56.9
Female,18,4.5,58.2,83.5,5,5.6,Yes,Yes,Medium,57.8
Female,17,5.3,66.4,64.8,10,4.8,No,Yes,Medium,61.6
Male,20,5.9,71.3,50.1,8,5.3,Yes,Yes,Low,51.6
Male,20,4.9,76.3,87.0,8,7.0,No,Yes,High,70.4
Female,21,1.1,57.1,88.5,6,5.8,Yes,Yes,Low,55.5
Male,18,3.3,61.3,65.6,8,6.4,Yes,Yes,High,66.7
Male,22,4.6,67.5,44.2,3,6.2,No,Yes,Medium,50.7
Male,21,1.6,98.7,61.3,4,8.4,Yes,No,Medium,44.2
Female,18,3.5,69.9,84.2,6,8.6,No,Yes,High,70.4
Female,21,1.2,76.7,89.6,3,6.7,No,Yes,Low,40.8
Female,22,1.6,63.8,51.2,5,6.0,Yes,Yes,Medium,48.6
Female,19,3.8,82.5,43.7,10,5.0,Yes,Yes,Medium,56.0
Female,19,1.9,67.6,88.3,10,8.8,No,Yes,Medium,69.0
Female,19,5.0,64.3,61.4,5,4.8,No,Yes,Medium,47.5
Female,19,5.8,78.2,69.8,6,5.8,No,Yes,Medium,67.8
Female,17,6.6,55.2,93.2,8,5.8,No,Yes,High,67.6
Female,19,2.4,55.3,43.7,9,5.9,No,Yes,Low,42.1
Male,22,2.2,64.9,75.7,10,5.2,Yes,No,High,57.7
Female,20,1.7,56.7,44.1,9,8.0,No,Yes,Medium,41.0
Male,20,5.5,59.9,60.7,5,5.1,No,Yes,Medium,54.7
Male,17,5.9,70.2,84.2,9,7.4,Yes,Yes,Medium,81.9
Male,19,1.2,91.1,63.8,7,5.1,Yes,Yes,Low,62.0
Female,19,7.6,80.7,94.8,6,4.8,Yes,Yes,Low,72.4
Female,19,1.4,78.1,70.7,3,8.6,Yes,Yes,High,59.2
Female,21,4.8,68.2,57.7,6,5.4,No,Yes,Medium,55.8
Female,18,6.0,96.9,52.1,4,8.2,Yes,Yes,Low,60.9
Male,21,7.1,72.9,59.3,8,7.0,Yes,Yes,Low,63.7
Female,18,6.0,58.9,60.5,8,4.9,Yes,Yes,High,65.4
Female,19,6.6,82.8,43.8,6,8.8,No,Yes,High,66.7
Female,19,3.4,60.1,60.3,5,5.6,No,Yes,Medium,46.7
Female,21,6.7,70.5,65.5,5,8.4,Yes,Yes,Low,62.0
Female,21,1.6,77.8,79.8,7,5.3,Yes,Yes,Medium,56.7
Male,18,7.3,94.3,76.1,7,8.3,No,Yes,Low,75.5
Female,20,4.8,77.2,79.0,8,4.6,No,Yes,Low,56.5
Male,18,6.7,86.6,40.5,7,6.8,Yes,Yes,Medium,61.8
Female,21,4.2,99.7,52.0,10,8.0,Yes,Yes,Medium,75.3
Male,22,5.5,60.9,76.4,10,8.7,Yes,Yes,Medium,77.5
Female,21,4.7,67.4,66.6,3,8.6,Yes,Yes,Medium,63.1
Female,22,6.1,72.8,40.3,7,8.2,No,No,High,60.7
Male,17,1.6,74.0,84.2,3,8.5,No,Yes,High,57.7
Male,21,1.4,73.5,82.5,7,5.4,No,Yes,Medium,59.7
Male,17,2.7,95.8,70.2,8,5.8,No,Yes,Medium,67.3
Female,20,2.1,87.1,43.7,8,5.8,Yes,Yes,Medium,42.8
Male,18,7.1,82.4,82.2,3,6.2,No,No,Medium,58.7
Female,22,2.5,68.9,72.1,6,6.3,No,No,High,61.8
Female,18,7.8,92.1,83.0,8,7.0,Yes,Yes,Medium,78.2
Male,17,3.4,98.0,81.3,6,5.2,Yes,Yes,High,63.1
Male,22,2.3,92.0,84.2,5,7.6,No,Yes,High,57.2
Female,18,6.5,55.1,68.5,10,5.3,Yes,Yes,Medium,65.6
Female,21,5.6,83.6,47.7,3,5.9,Yes,Yes,Medium,47.1
Male,19,4.5,57.3,76.9,9,6.8,No,Yes,Low,70.5
Male,17,4.9,66.6,74.1,8,8.1,No,No,Medium,64.4
Male,18,6.0,57.7,80.8,4,7.8,No,Yes,Medium,62.0
Female,17,2.6,82.2,49.3,5,7.4,No,Yes,Medium,51.9
Female,17,8.0,85.9,50.7,6,5.2,Yes,No,High,71.2
Female,22,7.8,60.2,89.0,8,7.0,No,No,Medium,78.4
Female,22,5.6,72.3,81.2,3,4.9,No,Yes,Medium,63.4
Female,19,2.4,75.5,90.0,9,6.2,No,Yes,Medium,61.4
Female,21,5.8,71.6,81.7,7,6.4,Yes,Yes,Medium,67.4
Male,17,1.5,60.4,72.8,9,4.7,No,Yes,Medium,56.8
Female,18,1.2,73.9,76.0,4,5.7,No,No,High,48.0
Female,20,2.8,88.8,88.9,6,8.8,Yes,No,Medium,65.4
Female,17,4.2,58.2,71.8,5,8.8,Yes,Yes,Medium,61.1
Male,17,7.1,58.6,74.8,9,6.1,Yes,Yes,Low,71.8
Female,19,6.1,71.0,48.6,3,4.7,Yes,Yes,Medium,43.9
Female,21,6.2,97.4,66.1,4,5.3,No,No,High,66.7
Male,20,4.0,85.1,79.4,3,6.3,Yes,Yes,Medium,57.7
Female,22,3.4,85.5,54.9,8,8.8,Yes,Yes,High,67.3
Female,22,3.6,71.3,51.1,7,5.1,No,Yes,Medium,55.0
Female,18,7.9,81.7,57.3,5,7.9,Yes,Yes,Low,71.4
Female,20,1.3,55.5,53.3,3,5.0,No,Yes,Low,40.5
Female,22,7.1,83.6,51.8,6,8.9,Yes,Yes,Medium,72.6
Male,18,5.1,96.1,63.4,8,6.2,No,No,Medium,70.6
Male,21,4.1,82.6,89.9,8,8.0,No,No,High,73.3
Male,18,6.1,94.3,67.9,5,6.0,No,Yes,Medium,63.8
Female,22,4.4,87.6,50.3,8,7.3,Yes,Yes,Medium,65.0
Female,19,7.1,60.4,44.2,6,5.4,No,Yes,Medium,59.1
Female,19,7.3,95.6,78.3,3,5.2,Yes,Yes,Medium,65.9
Male,19,4.0,58.0,61.1,5,8.7,Yes,Yes,Medium,57.5
Female,22,2.9,79.0,85.2,10,8.6,Yes,No,Low,66.3
Female,19,5.1,61.4,76.3,8,8.5,No,Yes,Medium,62.5
Male,20,7.4,55.5,83.8,8,7.3,No,Yes,Low,75.1
Female,21,2.5,74.0,55.0,6,8.1,No,No,Medium,51.0
Male,18,5.4,68.3,78.1,7,4.8,Yes,No,Low,69.7
Male,18,5.4,76.9,54.5,7,6.0,Yes,Yes,Medium,53.1
Male,22,6.1,81.0,91.6,9,5.9,No,Yes,Medium,72.2
Female,19,1.9,57.0,75.0,8,7.4,Yes,Yes,High,60.5
Female,19,6.0,60.5,57.8,10,6.1,No,Yes,Medium,69.1
Female,17,7.4,80.1,54.8,3,5.2,Yes,Yes,Medium,60.6
Female,21,2.3,70.4,50.5,5,7.2,No,Yes,Medium,48.3
Female,20,2.7,87.8,78.2,8,8.2,No,No,Low,55.0
Female,18,7.8,84.4,52.0,4,6.2,Yes,Yes,High,60.2
Female,17,2.3,93.1,72.7,5,5.1,Yes,Yes,Low,53.9
Male,17,7.0,86.2,54.6,9,5.4,No,Yes,High,63.8
Female,22,4.4,74.3,76.4,7,5.6,No,Yes,High,62.2
Male,18,2.7,85.3,84.8,10,5.8,Yes,Yes,Medium,69.8
Female,22,7.1,67.4,82.8,8,7.4,Yes,Yes,Medium,70.1
Female,20,4.1,68.8,81.8,6,7.2,No,Yes,Medium,68.9
Female,17,4.6,90.5,50.3,4,7.6,No,Yes,Medium,60.0
Male,17,3.5,75.1,44.9,8,6.1,Yes,Yes,Medium,47.1
Male,21,5.2,90.9,78.4,10,8.2,No,Yes,Low,67.0
Male,20,2.1,92.0,60.3,9,5.4,Yes,Yes,Low,44.8
Male,17,3.7,93.6,63.8,3,6.6,No,Yes,Medium,50.1
Female,20,7.8,96.2,41.7,4,8.1,Yes,Yes,Medium,66.7
Male,18,2.8,74.4,54.3,9,5.3,No,Yes,High,55.3
Female,19,5.6,69.3,41.9,8,5.0,No,No,Low,53.4
Female,17,3.3,81.2,88.4,3,8.5,No,No,High,55.0
Male,21,6.4,71.7,53.4,4,6.0,No,Yes,Medium,59.2
Male,18,1.9,82.0,70.7,3,7.6,No,Yes,Medium,47.9
Male,20,7.8,86.8,42.1,3,4.6,No,Yes,Medium,55.1
Male,22,4.2,86.0,76.7,4,7.6,No,Yes,Medium,59.8
Male,18,2.7,71.9,57.8,4,5.9,No,Yes,Medium,41.4
Male,17,1.5,62.5,89.4,3,4.8,No,No,Medium,42.6
Male,20,2.2,74.4,88.8,9,7.2,No,No,High,70.7
Male,19,4.6,61.4,57.9,10,5.6,Yes,Yes,Medium,63.2
Female,18,3.4,95.1,89.6,7,6.2,No,Yes,Medium,71.0
Male,17,6.8,70.6,94.8,4,4.9,Yes,Yes,High,72.9
Male,21,4.0,62.0,85.4,8,5.2,No,Yes,High,66.2
Female,22,2.7,56.1,86.5,5,5.8,Yes,Yes,Medium,48.2
Male,20,5.3,84.1,53.7,6,4.9,No,Yes,Medium,55.4
Female,18,5.9,83.7,71.7,3,8.6,No,Yes,High,65.3
Female,18,2.2,70.3,43.7,3,4.5,No,Yes,Medium,47.3
Male,19,2.2,58.2,45.2,6,6.7,No,Yes,Medium,47.6
Female,19,1.3,73.4,94.9,7,5.1,Yes,Yes,Medium,66.5
Female,21,6.2,69.0,58.0,6,5.9,Yes,Yes,High,66.3
Female,22,5.6,85.5,81.2,4,8.7,Yes,Yes,Low,61.5
Female,21,4.3,82.3,84.4,6,5.2,No,Yes,High,66.2
Male,17,6.9,71.4,87.2,3,8.8,Yes,Yes,Low,67.4
Female,17,6.6,64.8,94.9,6,5.4,No,Yes,High,68.1
Male,21,5.1,99.5,53.3,5,7.8,Yes,Yes,Medium,59.5
Female,22,7.1,75.4,42.2,8,7.0,Yes,Yes,Medium,62.9
Female,21,2.4,86.0,62.6,4,8.5,Yes,Yes,High,64.3
Female,22,1.8,61.3,47.2,6,7.0,No,No,Medium,35.0
Female,22,2.9,76.9,41.2,3,6.9,No,Yes,Medium,48.7
Male,20,1.4,56.2,59.8,9,5.4,Yes,Yes,Low,43.9
Male,22,4.7,77.7,83.1,8,5.2,No,Yes,Low,56.7
Female,19,7.6,98.4,71.1,4,8.6,Yes,Yes,Medium,77.1
Female,22,1.3,72.3,57.2,3,6.0,No,Yes,Medium,45.2
Male,22,1.9,56.8,76.0,7,6.2,No,No,Low,54.8
Female,22,4.2,56.4,52.8,5,7.9,Yes,Yes,Low,53.4
Female,17,7.5,72.5,40.8,10,6.0,No,Yes,Medium,73.9
Female,19,3.2,62.2,82.0,7,8.8,Yes,No,Medium,64.9
Male,19,4.6,56.1,74.3,10,7.8,No,Yes,High,68.5
Male,21,1.3,89.0,81.9,5,7.2,Yes,Yes,Medium,58.7
Male,20,2.0,75.6,42.1,6,8.5,No,Yes,Low,50.1
Female,22,7.9,68.0,86.0,4,4.7,Yes,Yes,High,67.7
Female,18,7.8,95.5,74.1,6,5.7,No,Yes,Medium,68.3
Male,20,1.0,60.2,71.0,5,6.6,No,Yes,High,48.8
Male,20,7.7,98.0,74.4,5,5.5,No,Yes,High,63.2
Male,19,5.5,69.1,87.5,5,7.8,No,Yes,High,69.7
Male,20,7.1,95.0,72.3,10,8.6,No,Yes,Medium,70.0
Female,22,4.2,82.1,72.0,8,6.4,Yes,Yes,High,68.2
Male,22,4.6,92.2,94.5,3,6.0,Yes,Yes,High,72.1
Female,17,4.4,99.3,81.6,4,8.8,Yes,Yes,Medium,64.6
Male,22,5.7,68.0,64.3,6,6.5,No,Yes,Medium,67.6
Female,22,2.0,98.3,78.9,6,6.7,Yes,No,Medium,53.0
Male,19,1.2,72.5,61.4,7,6.1,No,Yes,Low,51.7
Male,22,3.2,72.3,52.6,10,8.6,No,Yes,Medium,62.7
Male,17,5.9,70.3,72.8,5,7.1,Yes,Yes,Medium,56.2
Male,18,2.4,79.4,91.1,9,7.9,Yes,Yes,Medium,80.7
Female,19,5.7,61.9,91.1,5,8.2,Yes,Yes,Medium,68.2
Male,18,7.8,79.9,58.8,5,6.0,Yes,Yes,Medium,61.1
Female,19,1.7,79.4,69.0,9,6.5,Yes,Yes,Medium,52.6
Female,21,5.7,89.3,51.6,6,8.3,Yes,Yes,High,65.0
Female,20,4.1,92.5,94.8,7,6.1,No,Yes,Medium,68.5
Female,21,7.1,74.8,94.0,3,8.1,No,Yes,Medium,70.4
Male,22,2.2,68.6,75.7,9,8.7,Yes,Yes,Low,58.6
Female,18,5.8,66.7,84.2,10,7.3,Yes,Yes,Medium,77.4
Female,22,6.9,63.8,79.3,8,7.8,Yes,Yes,High,74.2
Female,20,7.6,57.6,72.6,4,8.1,No,Yes,High,58.8
Male,19,5.8,70.4,42.9,10,8.3,No,Yes,Medium,62.4
Male,20,4.5,67.2,65.0,9,6.3,Yes,Yes,High,55.5
Male,17,5.3,98.5,77.1,3,4.7,Yes,Yes,Low,60.2
Male,20,7.1,80.1,77.3,6,6.3,No,Yes,Medium,64.4
Female,17,5.0,70.6,60.5,8,7.5,No,Yes,Low,59.6
Female,20,1.2,81.1,91.8,8,6.5,Yes,Yes,High,71.5
Male,17,7.5,61.3,49.2,8,7.9,No,Yes,Medium,60.1
Female,18,5.8,75.0,67.5,5,6.1,Yes,Yes,Medium,66.5
Female,22,5.7,83.2,78.0,4,7.4,Yes,Yes,High,66.4
Female,22,2.5,77.0,78.3,6,5.3,No,Yes,Medium,63.5
Male,21,5.6,73.1,75.7,6,7.9,No,No,Low,59.6
Male,22,3.8,99.7,55.1,8,7.0,Yes,Yes,High,61.5
Female,19,5.6,94.6,48.6,6,5.4,No,Yes,Medium,61.0
Male,20,1.7,83.1,75.0,4,5.8,Yes,No,Low,46.4
Male,21,5.6,80.6,73.0,4,7.9,No,Yes,Medium,58.6
Male,19,8.0,82.9,49.9,7,6.7,No,Yes,Medium,63.8
Male,19,1.3,64.1,78.8,9,5.5,No,Yes,Low,52.7
Male,17,7.8,72.8,65.0,9,8.9,No,Yes,Medium,79.9
Female,22,3.8,56.8,76.7,7,7.7,Yes,Yes,Low,49.8
Male,18,7.1,76.4,86.1,3,8.8,No,Yes,Medium,68.8
Female,18,6.5,79.4,49.3,9,6.4,No,Yes,High,70.1
Female,21,5.0,65.2,41.1,4,6.6,No,Yes,High,52.2
Male,18,6.2,98.4,82.9,4,8.5,Yes,Yes,Medium,77.3
Female,20,7.1,95.9,73.5,9,6.9,No,Yes,Medium,75.1
Female,18,3.8,87.5,78.5,4,7.7,No,Yes,High,62.1
Female,21,3.3,79.0,86.1,7,5.6,Yes,Yes,Medium,66.3
Male,18,5.7,94.1,84.2,8,6.5,No,Yes,Medium,73.0
Male,20,6.7,60.9,92.9,8,5.1,Yes,Yes,High,74.1
Female,17,6.3,90.6,69.5,6,5.4,Yes,Yes,High,71.9
Male,21,6.6,60.6,66.9,10,4.5,No,Yes,High,66.4
Male,17,4.0,90.7,62.1,10,4.7,No,Yes,High,62.9
Male,17,6.7,67.4,48.5,8,8.9,No,Yes,Medium,61.7
Male,17,1.8,94.5,71.5,5,5.6,Yes,Yes,Medium,60.7
Female,19,4.8,97.5,55.2,7,7.5,No,No,Medium,46.5
Female,22,1.0,61.7,90.7,4,8.3,Yes,Yes,Medium,56.4
Male,19,3.3,75.8,72.1,9,7.0,Yes,Yes,Medium,64.1
Male,22,3.6,99.1,72.6,8,5.2,Yes,Yes,High,60.0
Female,17,3.8,76.8,59.5,7,7.8,No,Yes,High,62.5
Female,21,5.9,93.9,42.9,8,7.2,No,Yes,Medium,64.4
Male,22,3.7,81.5,41.7,3,7.8,No,Yes,High,52.7
Female,20,4.1,71.9,63.3,4,8.0,No,Yes,High,45.7
Male,20,2.7,67.9,44.7,3,8.9,Yes,No,Medium,51.3
Male,18,3.6,64.1,73.4,4,7.1,No,Yes,Medium,50.8
Female,22,2.6,89.3,88.5,7,6.0,No,Yes,Medium,65.9
Female,21,1.5,72.4,88.6,6,7.4,No,Yes,Medium,60.9
Male,19,5.2,78.0,76.2,8,4.8,Yes,No,Low,58.4
Male,17,5.7,77.2,51.6,8,8.5,No,Yes,Medium,66.2
Female,18,5.3,81.0,87.5,5,5.0,No,Yes,Medium,62.4
Male,20,4.2,94.0,88.7,9,6.0,No,No,Medium,60.6
Female,19,3.7,99.1,50.8,3,8.2,No,Yes,High,60.8
Male,19,7.0,73.3,80.6,8,7.2,Yes,Yes,Low,67.8
Female,17,4.6,92.2,55.8,7,6.3,No,Yes,High,58.8
Female,22,4.4,89.4,84.1,6,6.6,Yes,Yes,Medium,65.1
Female,20,1.2,80.8,94.8,9,8.3,No,Yes,Low,63.7
Male,21,3.4,98.0,41.7,7,6.0,No,Yes,High,55.8
Male,19,3.7,64.0,89.4,3,8.4,Yes,Yes,Medium,62.6
Female,17,3.8,59.9,74.2,5,4.9,No,Yes,Medium,47.4
Male,21,5.1,93.4,93.5,8,8.0,No,Yes,High,74.8
Female,22,4.7,74.8,65.6,7,8.3,Yes,Yes,Medium,63.4
Female,20,5.3,93.1,86.6,9,5.3,No,Yes,Medium,80.8
Male,22,6.4,95.2,43.4,4,6.4,Yes,Yes,Low,54.5
Male,19,6.7,57.8,58.4,6,5.2,No,Yes,High,66.1
Female,21,6.0,94.8,43.7,9,7.7,No,Yes,Medium,65.2
Male,21,7.7,75.2,93.6,7,6.9,No,Yes,Medium,74.4
Male,21,1.1,78.0,84.9,6,7.4,No,Yes,Medium,55.2
Female,19,2.4,83.2,86.9,8,5.4,No,Yes,Medium,61.2
Female,19,1.1,96.7,91.6,4,5.5,No,Yes,High,61.2
Male,22,5.5,55.9,44.7,5,4.7,Yes,Yes,Medium,56.5
Female,18,7.3,76.5,61.2,9,5.9,No,Yes,Medium,70.3
Female,22,2.7,85.9,43.9,5,7.0,No,Yes,Medium,53.4
Male,20,7.5,87.5,51.6,4,8.4,Yes,Yes,High,63.0
Female,17,1.4,86.2,52.6,6,7.5,Yes,Yes,Medium,48.9
Female,21,7.5,61.0,65.8,8,6.5,No,Yes,High,67.2
Male,18,3.5,68.5,54.8,7,8.8,No,No,High,59.3
Male,17,1.7,71.1,45.6,4,7.7,Yes,Yes,Medium,42.9
Female,18,4.4,91.2,49.2,3,8.7,Yes,Yes,Medium,58.1
Female,22,2.8,67.5,48.1,6,6.9,Yes,Yes,Medium,45.7
Male,19,3.0,64.5,93.5,5,5.7,No,Yes,High,61.5
Male,21,3.2,98.1,81.8,9,4.7,Yes,No,Medium,69.1
Male,22,6.6,55.4,93.2,4,7.8,No,Yes,Medium,57.7
Male,17,4.8,99.9,64.2,5,5.0,Yes,Yes,High,73.0
Female,17,3.2,85.5,55.3,6,5.9,No,Yes,Medium,51.6
Male,17,5.3,92.3,83.9,5,6.9,Yes,Yes,Medium,59.2
Male,17,6.0,68.3,57.9,4,7.0,No,Yes,Medium,57.2
Female,17,2.9,55.6,56.5,6,7.2,Yes,Yes,Low,48.3
Male,18,3.9,88.2,52.8,3,5.2,No,Yes,High,51.4
Female,22,1.9,92.5,47.1,4,6.2,Yes,Yes,Low,48.3
Male,21,2.3,88.3,54.1,7,7.3,No,Yes,Medium,57.1
Male,19,5.8,61.4,59.5,10,8.9,No,Yes,High,71.5
Male,19,2.3,88.9,77.1,8,7.8,Yes,Yes,Medium,65.9
Female,22,4.7,89.6,43.4,4,8.7,No,Yes,High,56.4
Female,22,6.0,84.6,51.6,6,7.9,No,Yes,High,72.2
Male,19,1.7,89.5,84.5,9,7.2,Yes,Yes,Medium,58.8
Female,19,5.0,93.1,48.1,8,5.4,Yes,Yes,Low,58.4
Female,18,2.8,82.6,58.8,4,7.5,Yes,Yes,High,55.8
Female,20,7.7,59.0,87.6,3,7.3,No,No,Medium,69.3
Female,21,4.4,76.9,48.5,9,7.2,No,Yes,Low,52.3
Female,17,6.6,58.5,44.6,3,6.7,Yes,Yes,High,47.7
Female,20,4.9,73.3,66.6,7,6.9,No,Yes,Low,59.1
Male,22,1.3,73.3,56.6,9,6.0,No,Yes,High,55.8
Male,19,5.4,58.0,71.0,5,6.8,No,Yes,Low,62.2
Female,20,7.7,70.7,84.2,10,5.4,No,Yes,Low,67.7
Male,21,5.2,60.0,47.5,9,8.1,No,Yes,Medium,64.7
Male,22,6.7,91.4,71.9,8,5.3,No,No,High,82.6
Male,17,7.2,97.6,67.8,9,4.9,Yes,Yes,Medium,72.0
Male,17,2.6,58.3,47.9,6,6.5,No,Yes,High,43.3
Female,21,2.5,98.0,74.3,10,7.5,No,Yes,Medium,64.4
Male,21,5.3,78.5,55.1,6,6.5,No,Yes,Medium,58.0
Male,19,3.9,68.5,66.8,5,5.7,No,Yes,Medium,56.2
Female,17,6.9,58.5,44.5,9,7.0,No,Yes,Medium,59.0
Female,22,7.3,77.5,65.3,3,6.1,No,No,Medium,66.6
Male,20,3.5,90.8,56.9,3,8.7,Yes,No,Medium,48.6
Male,22,2.7,86.8,85.2,4,8.7,Yes,Yes,Medium,53.7
Male,18,6.5,57.3,43.1,7,6.8,No,Yes,High,64.7
Male,18,2.9,58.3,63.0,8,6.0,No,Yes,Medium,43.5
Male,21,6.8,73.1,65.2,10,7.8,Yes,Yes,High,75.3
Male,19,4.0,68.3,79.9,7,4.7,No,Yes,Low,70.7
Female,18,5.7,65.5,71.6,9,6.6,No,Yes,Medium,66.6
Male,17,1.7,67.6,76.7,7,6.0,Yes,Yes,Medium,50.6
Male,22,5.4,91.2,82.7,4,8.6,Yes,Yes,Medium,68.1
Female,22,4.2,96.8,87.4,7,4.6,Yes,Yes,Medium,67.5
Female,21,5.1,73.2,57.3,10,7.0,No,Yes,Medium,65.0
Female,20,2.2,95.8,69.6,5,7.8,Yes,Yes,Medium,60.7
Female,21,6.2,69.5,86.2,4,6.7,Yes,Yes,High,64.6
Male,20,7.0,76.4,94.4,5,4.9,No,Yes,Medium,77.3
Male,21,2.5,65.2,88.9,9,8.9,Yes,Yes,High,71.3
Male,21,1.7,83.8,60.4,4,6.8,Yes,Yes,Medium,52.7
Male,21,1.2,99.1,50.7,9,7.3,Yes,Yes,Medium,53.3
Male,20,5.5,82.2,66.9,9,5.6,No,Yes,Medium,71.9
Male,20,5.2,71.1,80.8,7,6.7,No,Yes,Medium,64.5
Female,21,4.8,84.2,67.1,5,6.4,Yes,Yes,Medium,61.8
Male,18,2.6,60.5,66.6,9,4.8,Yes,Yes,Medium,51.9
Female,19,3.7,95.0,86.1,5,5.0,No,Yes,Low,54.0
Female,19,5.2,77.6,59.9,5,8.3,Yes,Yes,Medium,63.9
Male,19,4.5,75.2,87.3,4,5.6,Yes,Yes,Low,56.7
Female,20,7.9,81.4,62.4,6,5.4,Yes,Yes,Medium,63.6
Male,20,2.0,83.1,58.1,7,6.8,No,Yes,Medium,49.9
Female,18,5.9,58.2,65.0,9,8.0,No,Yes,High,72.0
Male,19,3.8,85.7,81.9,5,4.8,Yes,Yes,High,60.8
Female,19,4.0,65.9,46.9,8,7.1,No,Yes,Low,50.8
Male,21,6.0,87.1,50.8,6,5.0,Yes,Yes,High,62.7
Male,20,5.8,92.0,92.3,9,4.7,Yes,Yes,High,70.2
Male,19,7.9,91.2,49.7,8,4.7,No,No,Medium,58.6
Male,22,1.9,79.9,71.2,7,8.3,Yes,Yes,Medium,60.4
Male,18,1.7,78.4,71.9,7,5.0,No,Yes,High,52.9
Female,22,6.1,61.4,66.9,5,4.7,Yes,Yes,Medium,63.6
Female,22,5.0,89.9,75.5,5,6.5,No,Yes,High,70.2
Female,18,2.9,67.2,52.6,10,8.3,Yes,Yes,Low,59.5
Male,22,1.6,77.4,70.4,10,5.7,No,Yes,Medium,66.2
Female,19,1.6,67.8,60.5,9,6.4,Yes,Yes,Medium,54.2
Male,20,7.3,61.0,76.4,4,4.7,No,Yes,Medium,64.4
Male,18,2.3,83.3,47.8,6,6.5,Yes,Yes,High,50.6
Female,21,3.3,57.4,71.4,9,7.1,No,Yes,High,73.9
Female,22,2.6,88.7,50.2,6,7.1,Yes,No,Medium,61.1
Male,18,3.5,69.3,55.3,5,6.0,No,Yes,Low,46.9
Female,17,1.5,55.0,52.0,7,5.9,Yes,Yes,High,51.1
Male,17,4.6,78.0,50.1,5,5.0,Yes,Yes,Medium,59.0
Male,20,1.5,57.1,85.4,7,6.2,No,Yes,Medium,54.2
Male,19,6.6,67.4,55.7,10,4.9,Yes,Yes,Medium,63.1
Male,20,2.6,86.8,91.0,9,7.9,Yes,Yes,High,76.9
Male,20,4.8,57.8,93.3,10,8.8,No,Yes,High,76.7
Female,20,7.2,92.8,71.4,7,8.9,No,Yes,Medium,74.5
Female,20,5.6,55.2,47.9,5,8.4,Yes,No,Medium,50.7
Male,21,4.7,66.1,60.6,10,7.2,No,Yes,High,58.6
Male,21,3.3,88.3,83.9,3,7.7,No,Yes,Medium,59.8
Female,18,3.3,69.2,60.2,6,5.8,Yes,Yes,Medium,57.7
Female,17,5.7,59.6,44.8,8,7.3,No,No,Medium,55.5
Male,20,8.0,71.2,70.6,7,6.6,No,Yes,High,79.5
Female,18,5.6,67.2,86.5,7,6.7,No,Yes,Medium,64.6
Male,17,4.9,92.9,83.8,3,7.9,Yes,Yes,Medium,60.5
Female,22,6.1,69.1,49.6,9,5.8,No,Yes,Medium,60.9
Male,19,4.3,90.5,77.0,9,5.9,Yes,No,Medium,67.4
Female,21,1.4,95.1,52.1,9,8.7,Yes,Yes,Medium,61.5
Male,22,4.9,74.5,52.0,8,4.8,Yes,Yes,Low,51.8
Female,17,7.7,95.9,88.1,4,6.7,No,Yes,Medium,79.0
Female,22,2.2,72.0,53.7,3,8.6,No,Yes,Medium,54.9
Male,19,5.8,98.4,54.5,8,7.2,No,Yes,Low,62.7
Female,17,2.4,59.0,40.0,10,7.0,No,Yes,Low,53.0
Male,22,4.8,85.9,87.9,3,5.6,Yes,Yes,High,60.8
Female,21,1.7,77.2,83.6,7,6.0,Yes,Yes,High,66.8
Male,21,4.2,72.4,74.5,6,8.3,Yes,No,Medium,66.9
Female,18,6.3,83.5,81.3,3,7.0,Yes,Yes,High,72.7
Male,22,3.4,86.7,48.4,4,6.8,No,Yes,Medium,49.3
Female,20,5.7,55.2,65.2,5,4.9,No,Yes,High,44.9
Male,22,6.6,62.5,59.3,10,4.6,Yes,Yes,Medium,63.2
Female,17,7.5,87.1,45.2,8,8.8,Yes,Yes,Medium,66.5
Male,17,2.6,85.0,66.7,10,6.2,Yes,Yes,Low,55.3
Male,22,3.8,98.5,90.6,10,7.2,Yes,Yes,Medium,76.0
Male,19,2.1,89.2,42.2,3,4.9,No,Yes,High,42.1
Female,21,7.9,97.8,56.0,3,7.6,No,Yes,Medium,60.4
Male,17,7.5,86.6,51.4,4,8.7,No,Yes,Medium,58.2
Female,21,4.8,68.4,53.1,6,7.1,No,No,Low,48.1
Male,17,6.9,59.7,90.0,3,5.1,Yes,Yes,High,72.5
Female,18,4.6,90.2,65.7,3,7.1,Yes,Yes,Medium,55.1
Male,20,5.4,84.0,65.6,6,7.9,No,Yes,Medium,61.1
Female,17,1.6,57.2,81.8,4,6.3,No,No,High,49.3
Female,21,6.3,71.2,48.5,8,8.5,Yes,Yes,Low,63.1
Male,18,1.9,98.1,66.8,10,7.4,No,Yes,Medium,64.6
Female,17,6.8,77.5,63.6,8,8.5,No,Yes,High,58.8
Female,19,6.5,74.5,72.8,3,7.3,No,Yes,Medium,66.1
Male,20,6.0,75.6,95.0,6,5.1,No,Yes,Medium,75.5
Female,17,1.3,64.4,82.3,3,5.9,No,Yes,Medium,43.0
Female,18,3.1,71.6,61.9,9,5.4,No,Yes,High,55.4
Female,19,2.8,71.6,85.5,5,8.6,Yes,No,Low,55.2
Male,22,3.5,57.4,49.4,8,7.9,Yes,Yes,High,54.6
Female,18,1.6,89.5,41.7,9,7.5,Yes,Yes,High,57.5
Male,18,7.6,73.7,51.2,7,5.9,Yes,Yes,Medium,55.8
Female,19,4.9,92.0,58.7,5,5.3,No,Yes,High,54.9
Female,18,3.1,93.3,68.1,3,7.9,No,Yes,Medium,61.6
Female,19,3.8,64.5,73.8,4,6.6,Yes,Yes,Medium,51.6
Male,17,4.1,84.6,90.1,8,5.5,No,Yes,High,76.2
Female,19,5.2,76.3,68.0,7,7.3,Yes,Yes,High,69.6
Female,19,4.6,94.6,67.6,5,4.7,Yes,Yes,Low,48.7
Male,20,7.4,64.7,42.8,8,6.0,Yes,Yes,Medium,65.0
Female,19,4.5,85.5,41.9,6,6.6,Yes,Yes,Medium,54.2
Male,19,7.9,82.3,70.3,4,5.2,Yes,Yes,Medium,64.3
Male,22,7.0,68.3,64.1,5,8.9,No,Yes,Medium,65.6
Female,17,2.5,61.1,86.2,6,5.4,Yes,Yes,Low,56.4
Male,20,7.5,84.3,48.8,9,5.1,No,Yes,Medium,69.2
Female,22,1.8,88.2,41.4,3,5.4,Yes,Yes,Medium,47.2
Male,21,6.7,69.2,64.7,6,8.0,Yes,Yes,Medium,68.0
Male,17,3.7,84.0,53.1,5,6.4,Yes,Yes,High,50.6
Female,17,7.1,72.8,42.7,10,7.0,No,Yes,High,66.2
Male,21,7.1,87.1,79.9,5,4.6,Yes,Yes,Medium,81.8
Male,19,6.6,64.0,46.1,10,4.7,No,Yes,Medium,64.5
Male,22,6.5,95.1,73.5,9,6.5,No,Yes,Medium,84.0
Male,18,3.1,67.9,55.5,3,8.2,No,Yes,Medium,54.2
Male,20,1.6,71.6,49.5,10,8.5,No,No,Medium,54.5
Female,18,3.8,57.6,60.9,10,4.9,Yes,Yes,High,63.2
Male,21,2.2,60.0,84.1,6,6.9,Yes,Yes,Low,54.2
Female,17,5.9,78.2,61.6,6,8.6,Yes,Yes,Low,54.3
Male,17,3.4,67.0,81.3,3,6.2,No,Yes,Low,50.7
Female,20,7.8,92.6,46.9,6,8.2,Yes,Yes,Medium,72.9
Female,17,5.5,55.7,82.5,8,5.1,Yes,Yes,Low,60.4
Male,17,6.8,72.1,53.0,3,8.7,No,Yes,High,62.8
Male,20,1.9,70.2,77.3,4,7.9,Yes,Yes,Medium,57.8
Male,22,7.0,55.9,71.1,10,8.7,No,No,Low,64.4
Female,22,7.5,60.6,91.1,5,7.5,No,Yes,Medium,68.7
Male,20,4.4,73.6,61.3,4,6.1,Yes,Yes,High,52.9
Female,21,5.2,77.2,43.6,10,8.7,Yes,Yes,Medium,60.9
Female,17,6.4,73.2,41.1,8,5.7,Yes,Yes,Medium,54.2
Female,17,2.2,78.9,85.5,10,6.0,No,Yes,High,63.3
Male,21,4.5,81.8,68.9,10,7.7,No,Yes,Medium,74.3
Male,22,3.8,55.4,82.6,10,7.9,No,Yes,Medium,62.3
Female,19,2.0,75.9,52.9,9,8.7,No,Yes,Medium,56.2
Female,19,3.6,98.4,59.0,8,5.4,No,Yes,Medium,57.1
Male,19,1.5,78.4,41.7,7,8.1,Yes,Yes,Medium,54.5
Female,22,1.2,85.5,92.9,7,7.8,Yes,Yes,Medium,69.3
Male,22,1.9,69.0,76.7,7,4.8,No,Yes,Medium,57.4
Female,21,7.7,89.8,91.3,3,6.2,Yes,No,Medium,72.7
Male,17,4.8,89.8,54.6,6,5.8,Yes,No,Low,53.8
Female,21,7.8,78.5,73.6,8,5.9,No,Yes,Medium,66.8
Male,21,4.0,98.9,77.3,4,8.9,Yes,Yes,Medium,73.3
Female,22,3.2,60.6,57.5,9,7.4,No,Yes,High,56.0
Male,19,4.5,55.8,86.6,4,7.7,No,Yes,Medium,62.6
Male,18,4.1,89.7,92.1,4,8.9,Yes,No,Medium,71.5
Female,17,1.7,91.3,88.7,4,6.2,No,Yes,Medium,53.8
Female,22,5.5,60.4,80.6,9,8.1,Yes,Yes,Low,72.8
Male,19,2.5,67.0,55.3,7,6.5,Yes,Yes,Low,52.7
Female,18,5.3,55.8,55.5,4,8.4,Yes,Yes,Medium,63.0
Male,18,5.6,68.2,93.0,9,5.3,Yes,Yes,Medium,70.8
Female,22,2.1,89.8,40.6,9,8.8,No,Yes,Medium,48.7
Male,20,1.4,78.3,79.4,6,5.5,Yes,Yes,High,55.7
Male,17,6.5,70.7,78.8,9,6.0,Yes,Yes,Low,70.3
Male,18,4.2,71.7,74.2,7,7.9,Yes,Yes,Medium,64.4
Male,22,1.4,55.1,94.5,4,6.3,No,Yes,Medium,50.4
Male,22,8.0,68.5,57.2,9,7.2,No,Yes,Medium,61.1
Male,19,1.4,84.1,58.7,3,6.5,Yes,Yes,Medium,48.4
Female,20,5.9,98.8,44.3,9,7.8,Yes,Yes,Medium,75.9
Female,17,7.9,93.1,64.4,5,5.5,Yes,No,Medium,69.2
Female,21,2.7,56.1,54.4,5,4.8,Yes,No,High,50.6
Male,19,2.0,95.4,58.9,5,5.8,No,No,High,55.0
Male,18,1.8,90.2,85.9,9,6.6,No,Yes,Medium,65.8
Male,18,3.1,90.1,91.5,7,5.3,Yes,Yes,Low,67.0
Male,19,1.7,75.6,50.2,4,6.1,Yes,Yes,High,49.4
Female,22,5.8,72.9,60.5,8,6.3,Yes,Yes,Medium,63.0
Female,18,1.4,68.6,91.1,8,4.8,No,No,Medium,53.3
Male,20,4.6,58.0,43.4,8,7.1,Yes,Yes,Medium,54.2
Female,17,8.0,65.3,45.1,7,8.5,No,Yes,Low,62.5
Female,20,6.7,66.1,49.0,6,5.2,No,No,Medium,54.3
Male,18,5.3,76.8,72.7,10,7.2,Yes,Yes,Medium,72.7
Female,21,3.1,88.6,48.3,3,7.5,No,Yes,Medium,50.0
Male,17,5.4,76.3,93.2,3,6.4,No,Yes,Medium,67.4
Female,17,4.7,57.6,64.6,5,7.7,No,Yes,High,64.6
Male,19,4.0,98.1,67.6,5,6.3,Yes,Yes,Medium,60.8
Male,19,1.9,97.4,53.6,9,6.8,Yes,Yes,Low,49.1
Male,21,7.2,90.3,65.9,8,4.5,No,Yes,Medium,67.0
Male,22,4.1,99.6,76.4,9,7.6,No,Yes,High,73.0
Female,17,2.4,79.5,81.3,10,7.5,No,Yes,High,60.1
Male,21,3.6,98.3,81.5,8,4.7,No,Yes,Medium,71.2
Male,19,3.9,58.4,71.8,5,6.2,No,Yes,Medium,54.9
Male,19,6.8,71.5,89.7,4,8.9,No,Yes,High,74.7
Female,17,6.1,65.1,85.0,6,6.4,Yes,No,Medium,73.1
Male,20,6.4,63.8,81.6,9,6.8,No,Yes,Low,65.5
Female,18,1.1,61.3,43.1,6,8.6,No,Yes,Medium,46.2
Male,19,3.9,83.0,40.4,6,7.7,No,Yes,Medium,51.6
Female,22,4.4,90.2,51.7,6,7.1,No,Yes,Medium,56.1
Female,22,1.1,81.0,76.5,5,8.1,Yes,Yes,Medium,51.6
Male,19,2.8,61.6,62.6,3,8.4,No,Yes,Medium,56.0
Female,20,6.3,91.5,62.1,5,6.6,No,Yes,High,64.1
Male,20,2.0,83.6,88.7,6,6.6,Yes,Yes,High,67.2
Male,21,4.7,72.5,89.3,5,6.2,No,Yes,High,57.8
Male,22,2.5,85.3,90.0,6,8.9,Yes,No,High,72.8
Female,21,1.1,66.7,57.3,7,7.6,Yes,Yes,Low,52.0
Female,22,2.7,70.5,78.0,8,4.9,Yes,No,Medium,58.9
Male,18,7.8,96.3,54.9,3,8.4,Yes,Yes,Medium,64.7
Male,18,6.6,68.1,50.5,7,6.7,No,Yes,High,65.2
Female,17,7.7,76.1,50.2,4,4.8,No,Yes,Medium,67.7
Male,21,4.4,95.1,58.8,5,7.0,No,Yes,High,53.0
Male,19,1.8,86.8,63.6,4,6.4,No,Yes,Medium,52.6
Male,21,4.8,57.8,85.7,9,8.4,Yes,Yes,High,69.6
Female,19,4.2,61.6,46.6,5,5.4,Yes,Yes,Low,45.9
Female,20,6.9,55.4,80.4,10,8.2,No,Yes,Medium,73.1
Female,21,1.7,83.4,69.2,10,7.0,Yes,Yes,High,62.7
Male,20,4.4,75.1,55.8,8,4.7,No,Yes,Low,53.5
Male,18,2.1,61.0,67.1,7,8.9,No,Yes,High,52.7
Male,18,3.3,98.1,56.5,8,6.8,No,Yes,Low,61.0
Female,17,6.2,78.8,72.8,9,5.8,No,Yes,Medium,61.2
Male,21,4.3,65.9,63.9,6,6.6,Yes,Yes,Medium,60.1
Male,20,3.6,77.5,49.0,8,8.4,Yes,Yes,Medium,57.0
Male,19,3.8,85.6,46.4,8,5.9,No,Yes,Medium,49.9
Male,18,4.2,58.4,70.1,10,5.4,Yes,Yes,Medium,64.1
Female,18,6.5,67.4,89.6,6,5.1,No,No,Low,56.6
Female,19,7.2,91.3,58.9,10,5.8,Yes,Yes,Low,70.1
Male,20,7.7,75.7,80.3,5,8.0,No,Yes,Medium,64.5
Female,20,6.5,79.6,76.2,6,6.6,No,Yes,Medium,69.3
Female,21,3.2,74.5,91.2,7,5.5,No,Yes,High,61.4
Male,21,5.8,57.0,85.2,8,5.2,Yes,Yes,Medium,65.9
Male,22,4.1,62.5,71.2,10,6.0,Yes,Yes,Medium,65.8
Female,22,2.8,75.0,76.1,6,8.7,No,Yes,Medium,55.8
Male,17,6.9,64.4,89.4,9,6.0,Yes,Yes,Low,72.2
Female,18,1.3,57.2,62.0,9,8.9,No,Yes,Medium,47.1
Male,21,7.3,93.0,58.0,8,6.7,No,Yes,High,75.2
Female,20,4.2,99.2,40.6,7,5.3,No,Yes,High,65.1
Male,19,5.5,90.7,85.5,4,8.5,No,Yes,Medium,80.3
Female,20,5.6,93.4,84.1,10,6.6,Yes,Yes,Medium,77.4
Female,18,7.3,65.9,45.7,7,7.7,No,Yes,High,68.2
Female,22,5.5,98.2,71.7,3,8.9,No,Yes,Medium,55.7
Male,20,5.3,63.9,65.5,3,4.7,Yes,Yes,Low,57.3
Female,17,1.5,97.8,46.5,3,4.9,No,No,Low,41.3
Female,18,4.6,99.8,93.9,8,7.7,No,Yes,Medium,72.3
Male,22,2.1,87.0,51.8,9,5.8,Yes,Yes,High,64.0
Male,19,6.2,99.2,43.7,5,5.3,Yes,Yes,Medium,57.4
Female,22,4.6,80.6,72.7,10,4.7,No,Yes,Low,60.7
Female,17,5.8,66.7,80.6,9,4.6,Yes,Yes,Medium,71.1
Male,18,1.3,74.7,41.8,5,8.0,No,Yes,High,41.6
Male,19,1.6,81.7,76.2,5,5.1,No,No,High,58.1
Male,17,6.0,58.3,69.3,9,6.6,Yes,Yes,Medium,62.6
Male,22,1.5,83.0,45.7,10,7.2,Yes,Yes,Medium,50.0
Male,17,1.5,99.2,49.5,8,6.4,No,Yes,Low,45.4
Female,18,1.1,63.6,71.2,7,4.6,Yes,Yes,High,56.9
Male,21,7.7,90.7,56.3,5,8.0,No,Yes,High,66.5
Female,17,6.2,95.9,91.6,4,4.5,Yes,Yes,Medium,63.0
Female,17,3.5,97.5,85.0,9,7.9,No,Yes,High,70.9
Female,22,3.1,98.2,94.1,9,8.5,No,Yes,Medium,72.8
Male,22,3.4,78.5,54.3,3,6.4,Yes,Yes,Low,41.1
Female,19,6.4,99.0,93.3,7,6.9,Yes,No,Medium,71.7
Female,22,5.6,89.1,63.7,3,6.6,Yes,Yes,Medium,68.9
Male,20,2.3,62.3,59.1,9,6.3,Yes,Yes,Medium,51.2
Female,18,2.2,76.5,42.8,9,8.5,No,Yes,Medium,51.7
Female,18,1.7,87.3,42.9,5,8.5,No,Yes,Medium,45.4
Male,21,5.6,66.1,78.1,7,6.0,Yes,No,Medium,63.1
Female,21,6.4,83.8,65.2,6,7.3,No,Yes,Medium,68.1
Female,18,2.9,85.0,52.5,4,8.7,No,Yes,Low,52.4
Female,21,1.1,62.3,73.8,10,8.8,Yes,Yes,Medium,59.0
Male,19,1.6,80.4,53.9,5,6.8,Yes,Yes,Medium,42.9
Male,22,7.8,89.7,71.8,9,6.5,No,No,Medium,80.2
Male,18,3.1,77.5,59.8,10,5.8,No,Yes,High,61.6
Female,21,6.4,55.5,85.3,5,8.8,No,Yes,High,77.8
Female,18,5.4,55.4,85.1,4,5.1,No,Yes,High,51.5
Male,20,3.7,71.1,66.3,9,7.1,Yes,No,Medium,62.7
Female,17,2.4,96.7,59.3,4,5.8,No,Yes,Low,55.8
Female,22,1.8,65.3,59.9,10,5.8,No,Yes,Medium,52.4
Male,18,5.3,83.5,84.3,6,6.3,No,Yes,Medium,65.6
Male,17,6.4,65.0,58.0,5,9.0,Yes,Yes,Medium,63.7
Female,21,5.5,69.5,51.5,8,4.7,Yes,Yes,Low,53.4
Female,17,4.7,93.2,44.7,5,7.1,Yes,Yes,High,57.7
Female,22,1.3,87.8,65.7,3,4.9,No,Yes,Low,40.7
Male,18,7.8,59.3,66.5,7,5.2,Yes,Yes,High,66.8
Male,20,6.6,74.3,86.2,7,6.5,No,Yes,High,79.6
Male,21,3.0,56.3,52.2,3,6.8,Yes,Yes,Medium,47.2
Male,18,7.9,76.6,61.0,9,5.7,Yes,Yes,High,75.6
Female,22,5.2,84.8,84.5,7,5.9,No,Yes,Medium,71.4
Male,21,5.1,60.3,85.3,4,4.9,No,No,High,59.2
Male,19,6.2,68.0,61.2,10,5.9,No,Yes,Medium,62.8
Male,17,6.7,72.9,65.3,10,8.8,Yes,Yes,High,74.4
Male,22,5.6,96.4,56.7,7,8.8,No,Yes,Medium,65.8
Male,19,1.9,99.7,91.3,7,6.0,Yes,Yes,High,63.0
Female,18,3.4,57.0,46.5,3,7.1,Yes,Yes,Medium,42.7
Female,20,7.5,89.2,91.4,9,8.6,No,Yes,Medium,80.1
Male,21,2.6,71.7,77.6,6,4.5,Yes,Yes,High,68.1
Female,17,3.6,72.7,69.2,7,8.1,Yes,No,High,51.0
Male,21,4.0,88.9,41.8,8,8.8,No,Yes,Medium,57.2
Male,18,4.1,96.3,66.2,7,4.9,No,Yes,Medium,68.0
Female,21,5.3,97.8,62.4,6,5.2,No,Yes,Medium,61.8
Female,17,7.6,81.0,48.9,3,8.8,Yes,Yes,High,68.2
Male,18,2.7,71.1,76.1,6,6.9,Yes,Yes,High,61.4
Male,21,1.9,90.4,93.4,3,4.6,Yes,Yes,High,56.1
Male,20,2.4,66.3,70.9,4,5.7,No,Yes,Low,36.0
Female,22,7.2,80.4,79.3,3,6.5,No,Yes,Medium,66.1
Male,18,5.5,71.1,43.8,4,7.6,No,No,Medium,47.8
Male,22,3.0,84.5,63.0,4,7.8,Yes,Yes,High,54.1
Male,18,6.7,65.8,46.4,3,9.0,No,Yes,Low,50.1
Female,20,7.0,63.6,73.7,8,5.8,Yes,Yes,High,80.3
Male,22,6.9,96.3,91.6,5,6.9,No,Yes,Medium,84.5
Male,19,7.4,59.6,76.4,3,6.9,No,Yes,Medium,63.3
Female,17,2.8,77.8,44.2,7,6.3,No,Yes,Medium,47.6
Male,19,6.3,64.9,59.5,8,5.3,No,No,Medium,55.5
Male,21,4.2,56.8,70.3,8,8.9,No,No,Medium,63.3
Female,20,6.9,56.6,62.2,7,8.3,No,Yes,Low,69.6
Male,19,6.1,62.9,85.9,5,6.7,No,Yes,Medium,64.0
Female,18,6.4,94.0,84.8,8,7.2,Yes,Yes,High,69.1
Female,21,5.6,67.7,73.7,4,5.5,No,Yes,Low,58.1
Male,21,2.2,97.8,60.5,10,6.9,Yes,Yes,Medium,66.9
Male,19,4.8,81.2,54.0,5,7.6,No,Yes,Medium,49.2
Male,19,7.9,74.6,45.8,9,6.8,No,Yes,Medium,67.5
Male,20,7.6,81.1,59.5,7,9.0,No,Yes,High,74.9
Female,17,1.3,78.3,62.7,5,7.3,Yes,Yes,Medium,50.1
Male,19,2.2,89.1,77.2,3,6.2,Yes,Yes,High,53.4
Female,19,1.9,67.7,76.2,10,8.0,No,Yes,Medium,66.1
Male,22,6.1,70.9,43.9,5,5.3,No,No,Low,47.1
Male,18,6.7,95.2,61.7,4,6.2,No,Yes,Medium,55.6
Male,22,2.5,97.6,50.0,10,6.1,Yes,Yes,Medium,50.2
Female,22,4.5,95.2,48.6,3,6.4,No,Yes,Medium,57.1
Male,21,6.9,73.9,85.5,6,8.0,No,Yes,High,77.4
Male,17,6.1,90.1,42.3,7,6.7,Yes,Yes,Medium,61.8
Male,18,4.8,76.4,63.1,10,8.1,Yes,Yes,Medium,66.3
Male,20,5.1,77.4,49.3,7,7.1,No,Yes,Medium,55.5
Female,20,4.6,64.2,88.4,5,6.0,No,Yes,Medium,56.5
Male,19,3.1,81.6,70.6,8,8.1,No,Yes,Medium,60.0
Female,19,5.0,63.4,52.7,3,5.6,No,Yes,Medium,39.1
Female,20,5.8,69.9,67.6,6,5.5,No,Yes,Medium,57.1
Female,19,7.1,93.5,80.2,3,6.8,No,Yes,Medium,65.9
Female,17,5.5,64.3,92.7,7,5.7,Yes,No,Medium,71.0
Female,22,6.3,58.2,52.1,3,4.5,Yes,Yes,High,54.2
Female,19,2.1,58.1,88.7,6,7.4,No,Yes,Medium,60.7
Male,21,4.2,97.3,91.4,8,6.8,No,Yes,Medium,77.5
Female,19,1.1,77.8,90.4,5,6.5,No,Yes,High,63.0
Female,18,2.7,73.4,74.9,4,8.9,No,No,Medium,56.6
Female,17,6.1,91.5,74.6,3,7.1,Yes,Yes,Medium,64.7
Male,18,7.9,92.6,62.2,10,8.4,No,Yes,Low,69.7
Male,18,1.7,69.9,81.4,4,5.1,Yes,Yes,Medium,54.8
Female,21,3.8,86.2,69.2,7,7.1,Yes,Yes,Low,67.4
Male,17,6.6,89.7,77.3,5,8.4,No,Yes,High,74.1
Female,17,2.4,84.5,63.6,9,7.1,No,Yes,High,70.7
Female,17,4.9,61.8,80.2,5,7.7,No,Yes,High,57.5
Male,17,6.1,94.4,85.3,3,6.2,Yes,Yes,High,64.9
Female,17,5.3,79.3,48.1,10,4.9,No,Yes,Medium,64.6
Male,21,2.3,67.7,85.8,8,6.6,Yes,Yes,Medium,63.2
Male,19,3.5,74.1,69.7,5,6.3,Yes,Yes,High,65.3
Female,18,6.5,56.7,86.5,3,8.4,No,Yes,High,67.0
Female,17,4.9,60.8,63.7,3,5.6,No,Yes,Medium,47.1
Male,19,1.0,89.4,60.8,4,8.9,No,Yes,High,51.4
Female,19,6.3,55.0,90.3,5,8.8,Yes,Yes,Medium,62.6
Female,18,1.2,73.7,53.8,3,5.6,No,Yes,Medium,35.4
Female,21,6.2,78.5,86.4,4,6.1,Yes,Yes,Medium,71.3
Male,20,2.4,57.5,66.6,10,8.5,No,Yes,Medium,63.2
Male,20,7.7,98.8,68.3,6,8.8,Yes,Yes,Low,73.4
Female,19,3.6,65.2,57.0,10,6.5,Yes,No,Medium,51.4
Male,22,3.3,68.7,71.5,9,5.9,No,Yes,Medium,58.5
Male,22,2.0,68.7,57.9,4,6.9,No,Yes,Medium,40.5
Male,18,3.1,65.4,42.2,4,7.6,Yes,Yes,Medium,51.6
Male,20,7.1,55.1,55.0,3,5.7,Yes,Yes,High,55.5
Male,19,8.0,87.8,40.4,7,7.8,No,Yes,Medium,60.3
Female,21,3.6,98.5,93.8,7,4.7,Yes,Yes,Medium,68.4
Female,20,4.1,65.1,93.1,8,4.7,Yes,Yes,Low,60.4
Female,19,6.1,84.8,61.7,7,6.2,Yes,Yes,Low,69.2
Male,19,7.2,88.4,80.1,4,6.1,Yes,Yes,High,68.8
Male,17,5.2,93.2,59.0,8,5.9,No,Yes,Medium,57.1
Female,21,3.7,74.0,76.9,10,6.7,No,Yes,High,59.2
Male,17,3.9,68.6,84.3,3,5.9,No,Yes,Low,52.5
Female,18,5.9,69.6,92.1,10,5.4,No,Yes,Medium,71.3
Female,17,1.0,87.1,62.0,5,5.9,No,Yes,Medium,41.2
Female,17,5.3,91.8,83.1,9,8.9,Yes,Yes,Medium,81.9
Male,20,3.5,63.2,54.6,9,6.4,Yes,Yes,Low,57.2
Male,22,6.6,71.7,94.5,4,6.5,Yes,Yes,Low,66.6
Female,19,1.7,95.6,41.4,4,7.1,Yes,Yes,Medium,52.2
Female,21,5.1,91.3,73.2,8,8.9,No,Yes,Low,70.1
Female,17,4.4,99.3,76.3,3,5.6,No,Yes,High,58.0
Female,21,5.5,88.9,77.8,6,7.6,Yes,Yes,Medium,64.3
Male,22,1.5,72.7,46.6,4,7.7,No,Yes,Low,43.7
Male,22,5.1,81.6,91.6,6,7.2,No,Yes,Medium,70.6
Female,17,4.9,84.7,50.0,10,4.9,No,Yes,Medium,61.8
Female,18,4.9,58.5,74.3,6,7.5,No,Yes,Low,53.8
Male,17,5.2,79.5,52.2,7,4.8,No,Yes,High,62.5
Male,20,5.7,86.9,56.9,3,7.2,No,Yes,High,56.2
Female,19,6.6,62.5,70.1,9,7.8,No,Yes,Medium,69.1
Female,18,2.9,90.1,62.9,9,5.4,No,Yes,Medium,65.6
Female,17,6.8,81.3,48.8,6,8.3,Yes,Yes,Low,58.0
Male,21,4.5,97.8,49.4,9,4.6,Yes,Yes,Medium,54.1
Male,18,1.5,56.9,63.0,10,8.3,No,Yes,Medium,50.9
Male,18,1.4,66.9,81.7,3,6.6,Yes,Yes,Medium,54.9
Female,17,3.3,82.1,89.4,7,5.5,Yes,Yes,Medium,66.0
Female,18,6.5,68.3,44.6,3,5.1,No,Yes,Medium,49.8
Male,21,6.0,87.1,61.6,4,8.8,Yes,Yes,Medium,61.3
Male,22,6.5,89.2,45.5,6,4.8,No,Yes,Medium,60.2
Female,18,4.6,59.6,40.9,3,5.4,No,Yes,Medium,39.7
Male,22,4.1,78.1,76.4,10,6.1,No,Yes,Medium,68.1
Male,21,2.0,77.9,73.1,9,7.3,No,Yes,High,59.7
Female,17,3.3,71.6,49.0,5,7.0,Yes,Yes,Low,43.5
Male,19,4.0,97.0,52.9,3,5.1,No,Yes,High,50.3
Female,18,1.6,92.2,41.3,6,5.8,No,Yes,Medium,43.9
Female,19,2.5,86.4,85.9,7,5.6,No,Yes,Low,57.8
Female,21,5.2,87.1,93.6,9,5.5,Yes,Yes,Medium,75.9
Female,18,6.1,75.8,47.5,7,6.4,Yes,Yes,Medium,43.9
Female,22,8.0,96.4,52.7,6,7.7,No,Yes,High,67.5
Female,20,7.5,86.3,87.8,9,5.5,Yes,No,Low,73.4
Female,19,5.5,87.8,91.0,4,6.2,No,Yes,Medium,73.1
Male,18,3.9,93.8,63.1,9,6.3,Yes,Yes,Medium,59.9
Female,19,5.5,67.3,42.8,4,8.9,Yes,Yes,High,58.1
Female,18,6.5,91.3,42.2,7,8.8,Yes,Yes,Medium,71.6
Male,17,1.8,63.8,71.6,7,8.1,Yes,Yes,High,53.4
Male,22,3.9,70.5,61.6,6,5.6,No,Yes,High,58.8
Male,19,6.9,70.1,41.6,4,4.8,No,No,Medium,47.5
Female,20,3.7,99.0,72.1,7,5.9,Yes,Yes,High,64.6
Male,20,5.0,93.5,40.6,4,5.7,No,Yes,High,50.5
Female,21,5.1,86.6,83.3,7,6.8,Yes,Yes,Medium,66.6
Female,18,2.3,87.7,56.9,9,8.0,No,Yes,Medium,70.6
Female,19,3.5,80.3,42.2,3,8.4,Yes,Yes,Medium,52.5
Female,21,3.3,97.6,72.4,10,8.3,No,Yes,Medium,73.6
Male,19,1.2,77.3,61.9,5,6.1,No,Yes,Low,46.2
Male,18,1.2,72.1,93.6,10,7.6,No,Yes,Medium,57.6
Female,20,6.8,62.3,69.9,9,5.9,No,Yes,Medium,69.6
Female,17,2.9,90.4,55.1,8,4.8,No,Yes,Medium,59.5
Female,20,4.6,88.0,79.0,10,7.7,No,Yes,Medium,68.0
Male,21,3.1,72.3,54.9,3,4.5,No,Yes,High,51.6
Female,22,7.6,56.1,89.7,8,6.3,No,Yes,High,79.6
Female,17,2.8,92.8,60.6,7,6.0,No,Yes,Low,61.4
Male,21,4.0,55.5,70.2,5,7.6,Yes,Yes,Medium,54.8
Male,18,7.1,86.7,42.8,5,7.9,No,Yes,Medium,55.3
Female,17,6.9,98.7,63.4,7,5.9,Yes,Yes,High,71.1
Male,21,2.3,74.7,85.8,7,8.2,No,Yes,Low,65.1
Male,18,6.6,65.6,84.3,4,5.8,No,Yes,Medium,55.5
Female,20,4.2,86.7,52.3,7,6.5,No,Yes,High,50.7
Male,22,4.4,91.8,52.4,6,7.8,Yes,Yes,High,63.0
Female,18,1.9,79.6,85.0,10,7.6,Yes,Yes,High,67.8
Male,19,1.6,98.5,91.2,7,8.9,No,Yes,High,68.5
Female,18,6.1,57.3,45.2,6,5.5,No,Yes,Low,54.4
Female,18,4.5,77.7,64.8,7,7.5,Yes,No,Medium,59.2
Female,22,4.1,87.3,58.6,4,7.2,Yes,Yes,Medium,47.7
Male,19,6.1,93.8,87.9,6,8.6,No,Yes,Medium,82.9
Female,21,6.4,63.1,44.6,10,5.2,No,Yes,High,59.2
Male,21,2.1,91.0,51.6,3,7.9,Yes,Yes,Low,40.9
Female,18,5.3,79.9,81.4,6,7.1,Yes,Yes,Medium,72.6
Female,19,1.9,72.8,42.8,9,5.7,Yes,Yes,High,51.6
Male,19,6.3,60.9,67.1,4,6.6,No,Yes,Medium,58.1
Female,22,5.6,93.9,64.3,8,6.0,Yes,Yes,High,72.8
Female,20,7.7,62.1,58.4,10,7.1,Yes,Yes,High,79.3
Male,21,1.5,68.9,61.7,6,8.5,Yes,Yes,Medium,50.8
Female,22,1.4,68.1,69.1,9,7.1,Yes,Yes,Medium,64.1
Female,17,3.0,94.2,48.9,9,7.3,No,Yes,Medium,48.5
Female,21,2.8,85.3,71.5,10,6.8,Yes,Yes,Medium,68.6
Female,22,2.7,90.9,84.3,10,4.7,Yes,Yes,Medium,63.2
Male,21,7.3,66.3,81.8,9,5.5,No,Yes,Medium,78.8
Male,20,2.7,83.1,48.5,7,6.7,Yes,Yes,High,56.9
Female,17,2.9,80.7,48.2,9,5.9,Yes,Yes,Medium,52.7
Male,20,6.3,92.5,54.7,7,5.3,No,No,High,67.7
Female,17,4.1,95.8,59.9,8,6.8,No,Yes,Low,63.1
Male,18,6.4,55.5,62.5,4,6.0,No,Yes,Medium,58.8
Female,22,1.5,85.3,77.4,5,5.7,No,Yes,High,51.2
Female,17,4.4,57.3,43.1,7,6.6,No,No,Medium,47.8
Female,20,1.2,79.7,41.9,9,5.1,Yes,Yes,Medium,48.5
Female,21,1.4,67.9,61.6,9,8.7,No,No,Medium,54.2
Female,17,7.3,68.8,78.3,3,8.4,No,Yes,High,71.9
Female,22,2.0,70.9,50.6,9,7.7,No,Yes,Medium,44.1
Male,17,4.7,83.0,75.3,4,5.0,No,Yes,Medium,59.3
Female,19,3.9,70.0,54.3,6,8.0,Yes,Yes,Medium,54.7
Male,21,3.4,88.0,88.7,6,8.1,No,Yes,High,64.7
Female,22,7.3,73.2,89.3,9,8.0,No,Yes,High,78.1
Male,22,1.2,58.1,56.4,3,5.0,No,Yes,Medium,37.4
Male,18,5.6,90.3,52.6,7,7.4,Yes,Yes,High,50.6
Male,20,7.7,67.9,62.6,4,8.3,Yes,Yes,Medium,61.9
Female,18,4.9,74.5,53.2,3,7.1,Yes,Yes,Medium,49.2
Female,22,7.6,85.8,77.0,7,7.4,No,Yes,Medium,76.1
Male,21,1.4,70.0,85.4,4,6.6,Yes,Yes,Medium,49.9
Female,17,3.9,57.5,77.0,9,6.9,Yes,Yes,Medium,63.3
Male,17,2.8,71.8,85.3,6,4.7,No,Yes,Low,60.9
Female,21,6.1,97.5,61.8,4,7.4,Yes,Yes,Medium,68.3
Male,22,7.9,83.9,48.6,9,4.9,No,Yes,High,73.7
Male,17,2.8,85.2,80.6,8,6.5,Yes,Yes,Medium,62.0
Female,17,5.6,83.5,59.8,5,5.8,No,Yes,Medium,60.8
Male,17,2.4,64.0,76.9,4,7.0,No,Yes,High,53.8
Female,20,5.0,73.8,54.9,5,5.1,No,Yes,Low,49.4
Male,20,4.2,88.8,44.5,4,7.6,No,Yes,Medium,53.4
Male,19,7.8,59.6,94.6,5,8.1,Yes,Yes,High,74.8
Female,18,5.3,67.5,48.6,8,5.2,Yes,Yes,Medium,64.6
Female,21,3.4,67.4,94.4,6,5.0,Yes,Yes,Medium,61.6
Female,21,1.8,74.4,93.8,10,5.2,No,Yes,Low,63.9
Male,21,2.1,99.1,83.7,7,8.4,No,Yes,High,73.8
Female,19,2.6,58.0,76.3,5,6.9,No,Yes,Medium,57.5
Male,20,2.8,78.3,71.8,8,6.6,No,Yes,High,56.1
Male,22,7.0,63.1,87.6,5,5.0,Yes,Yes,Medium,69.6
Female,22,4.9,98.7,55.9,6,7.4,No,Yes,Medium,64.8
Female,19,4.7,60.1,65.7,5,8.4,No,Yes,High,64.3
Male,22,1.8,73.2,74.1,8,8.2,Yes,No,Medium,54.0
Male,21,7.0,88.2,62.6,9,7.3,No,Yes,Medium,68.5
Female,18,6.1,86.7,63.5,8,4.8,Yes,Yes,Medium,70.8
Female,17,1.5,74.0,58.2,10,5.0,No,Yes,High,52.6
Female,20,6.0,70.6,71.0,10,4.7,No,Yes,Medium,66.2
Female,20,4.8,72.9,86.8,10,5.7,Yes,Yes,Medium,78.9
Female,19,1.6,66.9,51.1,3,5.1,Yes,Yes,Low,37.5
Male,20,4.2,64.2,91.4,6,5.7,Yes,No,High,62.6
Male,21,4.4,76.7,77.9,9,6.2,No,Yes,Low,59.3
Male,22,2.2,67.1,85.3,3,8.7,No,Yes,Medium,55.9
Male,21,7.6,67.9,70.6,6,7.2,Yes,Yes,Medium,63.1
Female,19,6.9,84.6,82.9,9,8.3,No,Yes,Medium,76.4
Female,21,5.7,98.6,40.9,5,7.7,No,Yes,Medium,59.0
Female,22,4.2,82.2,85.0,9,5.0,Yes,Yes,Low,71.5
Male,18,3.9,58.5,42.2,8,7.8,Yes,Yes,Medium,57.0
Male,19,5.6,58.4,88.9,3,5.7,No,Yes,High,59.5
Female,18,4.8,97.8,94.6,5,7.4,No,Yes,High,78.1
Female,17,1.4,68.4,56.2,8,6.0,Yes,Yes,Medium,49.5
Male,18,4.6,59.1,51.6,6,9.0,Yes,Yes,High,54.1
Male,17,6.6,82.0,82.1,9,5.7,Yes,Yes,Medium,74.0
Female,17,4.2,83.1,53.9,8,5.8,No,Yes,High,67.3
Female,18,1.4,84.2,87.6,5,8.7,Yes,Yes,Medium,60.8
Male,19,6.5,67.0,45.7,3,4.6,Yes,Yes,Medium,51.5
Female,22,2.4,55.7,46.9,3,7.6,No,No,High,50.7
Female,21,2.8,98.4,93.9,10,7.8,No,Yes,High,69.5
Female,21,2.2,66.3,77.1,9,8.3,Yes,Yes,Medium,56.8
Male,22,3.3,85.4,86.6,8,8.9,Yes,Yes,Medium,62.6
Male,17,6.3,86.8,57.8,10,8.9,No,Yes,Medium,73.2
Male,17,4.6,82.5,77.2,5,4.8,Yes,Yes,Medium,61.7
Male,19,2.4,69.1,72.7,10,8.2,Yes,Yes,Medium,70.7
Male,20,7.1,67.2,73.2,4,7.4,No,Yes,Medium,65.0
Male,18,7.2,81.9,77.5,6,7.4,Yes,Yes,High,73.3
Male,17,7.1,94.0,71.6,10,5.1,No,Yes,Low,71.3
Female,21,2.7,97.6,63.6,6,7.4,No,Yes,Medium,57.8
Female,19,4.2,59.8,55.2,5,8.9,Yes,Yes,Medium,47.5
Female,18,7.9,62.0,82.3,4,8.6,Yes,No,Medium,81.8
Female,19,6.4,97.5,52.4,3,6.5,No,Yes,Low,57.3
Female,18,1.2,88.1,78.1,9,4.7,No,Yes,Medium,58.8
Female,18,1.5,94.7,52.8,7,6.1,No,Yes,High,56.6
Female,22,4.2,64.1,74.4,7,8.2,No,Yes,High,68.1
Male,17,7.4,81.4,81.1,9,7.7,Yes,Yes,Medium,78.1
Male,19,4.8,86.6,52.0,5,6.6,No,Yes,Medium,52.6
Female,19,4.5,85.6,43.3,4,4.7,Yes,Yes,Medium,52.6
Female,22,1.7,73.4,47.2,4,6.4,No,Yes,High,47.1
Male,21,5.6,55.7,73.3,6,6.6,Yes,Yes,High,61.6
Female,21,6.8,81.2,86.7,3,8.7,Yes,Yes,Medium,76.6
Female,17,3.7,66.4,42.5,8,7.4,No,Yes,Medium,54.1
Male,17,6.4,75.3,80.4,10,5.9,No,Yes,High,79.5
Female,20,7.8,98.1,58.8,4,6.9,Yes,Yes,Low,70.2
Male,22,2.4,73.0,66.3,9,4.8,Yes,Yes,Medium,57.3
Female,21,4.7,92.8,91.1,8,8.9,No,Yes,High,78.7
Male,18,3.0,63.5,58.3,7,6.1,No,Yes,High,58.6
Male,19,6.5,85.3,65.6,8,6.7,Yes,No,Medium,65.6
Male,17,5.0,99.0,40.8,3,6.1,Yes,Yes,Medium,52.5
Female,19,5.4,59.6,44.5,9,7.6,Yes,Yes,Medium,60.7
Male,19,6.6,55.4,54.2,3,7.5,No,No,Medium,48.8
Female,20,3.8,74.5,41.5,8,7.7,No,Yes,Medium,64.6
Female,21,7.4,59.2,74.7,10,5.7,No,Yes,Medium,65.4
Female,17,4.7,88.7,63.5,5,5.9,No,Yes,High,55.1
Female,19,2.1,96.2,70.1,4,5.1,Yes,Yes,High,62.0
Male,17,5.9,74.5,49.6,9,7.4,No,No,Medium,65.4
Male,18,6.6,66.6,56.3,5,4.7,No,Yes,Medium,51.8
Female,20,3.2,74.5,76.5,8,7.2,Yes,Yes,Medium,66.1
Female,18,7.0,87.6,93.1,4,8.4,Yes,Yes,Medium,81.3
Male,17,7.3,55.4,42.8,6,8.5,No,Yes,Medium,58.5
Female,17,2.9,81.5,89.0,5,6.5,No,Yes,Medium,71.7
Male,21,7.9,82.6,71.7,5,6.6,Yes,Yes,High,65.2
Female,19,2.0,83.7,71.0,8,4.8,No,Yes,Medium,59.0
Female,19,2.4,65.9,67.5,7,7.5,No,Yes,High,63.1
Male,18,2.3,87.1,43.8,8,8.2,Yes,No,High,60.8
Female,20,7.3,59.1,44.9,5,5.6,Yes,Yes,Low,52.6
Male,22,5.6,64.0,73.1,4,6.4,Yes,Yes,Medium,58.6
Female,19,2.1,94.5,58.8,10,8.3,No,Yes,High,66.3
Female,21,4.1,88.2,90.4,7,8.4,Yes,Yes,High,77.9
Female,18,5.3,55.6,62.4,8,5.6,Yes,Yes,Low,60.2
Male,18,1.6,66.2,47.9,10,7.0,No,No,Low,52.2
Female,22,7.2,64.6,79.3,9,5.4,No,Yes,Medium,66.7
Female,21,6.6,67.2,56.1,8,5.0,Yes,Yes,High,65.1
Female,20,4.5,66.1,68.9,5,8.6,Yes,Yes,Medium,56.0
Female,21,7.8,57.8,78.4,10,8.2,No,Yes,Medium,74.6
Male,20,3.9,75.7,89.5,5,7.9,No,Yes,High,71.1
Male,21,7.9,88.0,83.6,6,4.7,No,Yes,Low,69.5
Female,21,5.7,82.3,77.2,10,8.3,Yes,Yes,Medium,87.3
Male,17,5.4,85.3,77.4,10,6.5,No,Yes,Medium,72.7
Female,18,2.2,58.7,92.0,8,6.0,No,Yes,High,63.4
Female,21,7.2,97.8,56.3,5,7.0,No,No,Medium,64.4
Female,22,4.0,92.7,40.1,9,4.9,No,Yes,Medium,52.5
Male,21,2.1,91.2,55.0,3,7.9,Yes,Yes,Medium,49.4
Male,19,1.1,92.0,52.0,7,7.1,Yes,Yes,Medium,56.9
Male,18,4.9,97.0,76.4,3,5.3,No,Yes,Low,56.9
Male,19,4.7,79.5,74.9,7,5.3,No,No,Medium,57.8
Male,18,6.0,64.0,72.6,9,5.3,No,Yes,Medium,62.0
Male,19,7.2,82.8,40.9,10,4.8,Yes,Yes,High,66.5
Male,21,1.6,88.4,80.1,10,7.1,No,Yes,High,67.1
Male,21,6.1,88.2,57.8,8,8.3,No,Yes,Medium,72.7
Male,17,2.3,78.5,76.6,6,4.6,Yes,Yes,Medium,49.5
Female,22,7.0,58.1,70.6,5,4.7,Yes,Yes,Medium,60.3
Male,19,6.7,71.7,58.9,5,7.1,No,Yes,High,64.4
Male,20,4.8,96.4,47.4,5,8.2,No,Yes,Medium,49.0
Male,17,6.0,81.3,45.2,8,6.0,No,Yes,Medium,56.3
Male,19,3.2,79.2,85.7,7,6.1,No,Yes,Medium,59.3
Male,19,4.3,67.1,90.5,10,7.2,Yes,Yes,Medium,68.8
Male,17,6.8,71.6,75.7,9,5.7,Yes,Yes,Medium,72.9
Male,21,4.2,95.3,45.7,5,4.6,No,Yes,Medium,50.4
Male,19,3.5,85.0,62.1,3,7.8,No,Yes,Low,47.3
Male,21,4.5,90.4,80.1,5,7.3,No,Yes,High,68.7
Male,17,6.8,75.4,82.9,10,7.1,No,Yes,Medium,84.0
Male,21,3.3,83.4,46.5,8,7.8,Yes,Yes,Medium,64.5
Female,18,2.2,66.2,40.0,9,7.5,No,Yes,Medium,41.2
Female,20,6.0,86.7,79.2,6,5.4,Yes,Yes,Medium,70.6
Male,19,6.8,74.2,59.6,9,6.1,Yes,Yes,Medium,67.6
Male,22,1.7,74.9,54.0,3,5.1,Yes,Yes,Medium,43.6
Female,20,2.7,84.2,40.7,5,5.1,Yes,Yes,Medium,44.5
